Workbook

Sheet Start Here
B2: CoachAssist — Division Sheet
B4: Division | C4: 8U
B5: Season | C5: 2027
B7: How it works
B8: 1. Upload this file to the division folder in the league's Google Drive and open it as a Google Sheet.
B9: 2. Teams tab: one row per team. Rosters tab: one row per player, with the team name picked from the list.
B10: 3. Coach Emails tab: the Google account email for each coach. Only these people receive that team's roster.
B11: 4. Yellow cells are for editing. Example rows show the format — replace them.
B12: 5. In CoachAssist, an admin opens the division, taps Check, fixes anything listed, then taps Publish.
B13: 6. New coach emails must also be added to the Google Cloud test-user list (league admin).
B14: 7. Schedule tab: paste the division schedule (same columns as the league's schedule file). Each team gets its games set up in CoachAssist; coaches just mark who's here.
B16: Position codes
B17: Infield: C, P, 1B, 2B, 3B, SS · Outfield 7U–11U: LF, LCF, RCF, RF · Outfield 13U–18U: LF, CF, RF
B19: Privacy
B20: Coaches never see this Sheet. Each coach receives only their own team. Keep sharing on this file to admins and the division convenor.
B21: Do not rename tabs or column headers — CoachAssist reads them.

Sheet Teams
A1: Teams
A2: Yellow cells = edit. Row 5 is an example.
A4: Team Name | B4: Team # | C4: Head Coach | D4: Coach 2 | E4: Coach 3 | F4: Check
A5: Expos | B5: 3 | C5: [Head coach name] | F5: =IF(A5="","",IF(COUNTIF($A$5:$A$34,A5)>1,"Duplicate team name",IF(COUNTIF('Coach Emails'!$A$5:$A$120,A5)=0,"No coach email",IF(COUNTIF(Rosters!$A$5:$A$400,A5)=0,"No players","OK"))))
A6: Rockies | B6: 5 | C6: [Head coach name] | F6: =IF(A6="","",IF(COUNTIF($A$5:$A$34,A6)>1,"Duplicate team name",IF(COUNTIF('Coach Emails'!$A$5:$A$120,A6)=0,"No coach email",IF(COUNTIF(Rosters!$A$5:$A$400,A6)=0,"No players","OK"))))
F7: =IF(A7="","",IF(COUNTIF($A$5:$A$34,A7)>1,"Duplicate team name",IF(COUNTIF('Coach Emails'!$A$5:$A$120,A7)=0,"No coach email",IF(COUNTIF(Rosters!$A$5:$A$400,A7)=0,"No players","OK"))))
F8: =IF(A8="","",IF(COUNTIF($A$5:$A$34,A8)>1,"Duplicate team name",IF(COUNTIF('Coach Emails'!$A$5:$A$120,A8)=0,"No coach email",IF(COUNTIF(Rosters!$A$5:$A$400,A8)=0,"No players","OK"))))
F9: =IF(A9="","",IF(COUNTIF($A$5:$A$34,A9)>1,"Duplicate team name",IF(COUNTIF('Coach Emails'!$A$5:$A$120,A9)=0,"No coach email",IF(COUNTIF(Rosters!$A$5:$A$400,A9)=0,"No players","OK"))))
F10: =IF(A10="","",IF(COUNTIF($A$5:$A$34,A10)>1,"Duplicate team name",IF(COUNTIF('Coach Emails'!$A$5:$A$120,A10)=0,"No coach email",IF(COUNTIF(Rosters!$A$5:$A$400,A10)=0,"No players","OK"))))
F11: =IF(A11="","",IF(COUNTIF($A$5:$A$34,A11)>1,"Duplicate team name",IF(COUNTIF('Coach Emails'!$A$5:$A$120,A11)=0,"No coach email",IF(COUNTIF(Rosters!$A$5:$A$400,A11)=0,"No players","OK"))))
F12: =IF(A12="","",IF(COUNTIF($A$5:$A$34,A12)>1,"Duplicate team name",IF(COUNTIF('Coach Emails'!$A$5:$A$120,A12)=0,"No coach email",IF(COUNTIF(Rosters!$A$5:$A$400,A12)=0,"No players","OK"))))
F13: =IF(A13="","",IF(COUNTIF($A$5:$A$34,A13)>1,"Duplicate team name",IF(COUNTIF('Coach Emails'!$A$5:$A$120,A13)=0,"No coach email",IF(COUNTIF(Rosters!$A$5:$A$400,A13)=0,"No players","OK"))))
F14: =IF(A14="","",IF(COUNTIF($A$5:$A$34,A14)>1,"Duplicate team name",IF(COUNTIF('Coach Emails'!$A$5:$A$120,A14)=0,"No coach email",IF(COUNTIF(Rosters!$A$5:$A$400,A14)=0,"No players","OK"))))
F15: =IF(A15="","",IF(COUNTIF($A$5:$A$34,A15)>1,"Duplicate team name",IF(COUNTIF('Coach Emails'!$A$5:$A$120,A15)=0,"No coach email",IF(COUNTIF(Rosters!$A$5:$A$400,A15)=0,"No players","OK"))))
F16: =IF(A16="","",IF(COUNTIF($A$5:$A$34,A16)>1,"Duplicate team name",IF(COUNTIF('Coach Emails'!$A$5:$A$120,A16)=0,"No coach email",IF(COUNTIF(Rosters!$A$5:$A$400,A16)=0,"No players","OK"))))
F17: =IF(A17="","",IF(COUNTIF($A$5:$A$34,A17)>1,"Duplicate team name",IF(COUNTIF('Coach Emails'!$A$5:$A$120,A17)=0,"No coach email",IF(COUNTIF(Rosters!$A$5:$A$400,A17)=0,"No players","OK"))))
F18: =IF(A18="","",IF(COUNTIF($A$5:$A$34,A18)>1,"Duplicate team name",IF(COUNTIF('Coach Emails'!$A$5:$A$120,A18)=0,"No coach email",IF(COUNTIF(Rosters!$A$5:$A$400,A18)=0,"No players","OK"))))
... F34: =IF(A34="","",IF(COUNTIF($A$5:$A$34,A34)>1,"Duplicate team name",IF(COUNTIF('Coach Emails'!$A$5:$A$120,A34)=0,"No coach email",IF(COUNTIF(Rosters!$A$5:$A$400,A34)=0,"No players","OK"))))

Sheet Rosters
A1: Rosters
A2: Yellow cells = edit. Row 5 is an example.
A4: Team Name | B4: Jersey # | C4: First Name | D4: Last Name | E4: Can't Play | F4: Preferred | G4: Can Pitch | H4: Can Catch | I4: Notes | J4: Check
A5: Expos | B5: 7 | C5: Sam | D5: Example | E5: C | F5: SS, 2B | G5: N | H5: N | I5: Example row | J5: =IF(COUNTA(A5:D5)=0,"",IF(OR(A5="",B5="",C5="",D5=""),"Missing team, # or name",IF(COUNTIF(Teams!$A$5:$A$34,A5)=0,"Team not on Teams tab",IF(COUNTIFS($A$5:$A$400,A5,$B$5:$B$400,B5)>1,"Duplicate jersey # on team","OK"))))
A6: Rockies | B6: 12 | C6: Ava | D6: Example | J6: =IF(COUNTA(A6:D6)=0,"",IF(OR(A6="",B6="",C6="",D6=""),"Missing team, # or name",IF(COUNTIF(Teams!$A$5:$A$34,A6)=0,"Team not on Teams tab",IF(COUNTIFS($A$5:$A$400,A6,$B$5:$B$400,B6)>1,"Duplicate jersey # on team","OK"))))
J7: =IF(COUNTA(A7:D7)=0,"",IF(OR(A7="",B7="",C7="",D7=""),"Missing team, # or name",IF(COUNTIF(Teams!$A$5:$A$34,A7)=0,"Team not on Teams tab",IF(COUNTIFS($A$5:$A$400,A7,$B$5:$B$400,B7)>1,"Duplicate jersey # on team","OK"))))
J8: =IF(COUNTA(A8:D8)=0,"",IF(OR(A8="",B8="",C8="",D8=""),"Missing team, # or name",IF(COUNTIF(Teams!$A$5:$A$34,A8)=0,"Team not on Teams tab",IF(COUNTIFS($A$5:$A$400,A8,$B$5:$B$400,B8)>1,"Duplicate jersey # on team","OK"))))
J9: =IF(COUNTA(A9:D9)=0,"",IF(OR(A9="",B9="",C9="",D9=""),"Missing team, # or name",IF(COUNTIF(Teams!$A$5:$A$34,A9)=0,"Team not on Teams tab",IF(COUNTIFS($A$5:$A$400,A9,$B$5:$B$400,B9)>1,"Duplicate jersey # on team","OK"))))
J10: =IF(COUNTA(A10:D10)=0,"",IF(OR(A10="",B10="",C10="",D10=""),"Missing team, # or name",IF(COUNTIF(Teams!$A$5:$A$34,A10)=0,"Team not on Teams tab",IF(COUNTIFS($A$5:$A$400,A10,$B$5:$B$400,B10)>1,"Duplicate jersey # on team","OK"))))
J11: =IF(COUNTA(A11:D11)=0,"",IF(OR(A11="",B11="",C11="",D11=""),"Missing team, # or name",IF(COUNTIF(Teams!$A$5:$A$34,A11)=0,"Team not on Teams tab",IF(COUNTIFS($A$5:$A$400,A11,$B$5:$B$400,B11)>1,"Duplicate jersey # on team","OK"))))
J12: =IF(COUNTA(A12:D12)=0,"",IF(OR(A12="",B12="",C12="",D12=""),"Missing team, # or name",IF(COUNTIF(Teams!$A$5:$A$34,A12)=0,"Team not on Teams tab",IF(COUNTIFS($A$5:$A$400,A12,$B$5:$B$400,B12)>1,"Duplicate jersey # on team","OK"))))
J13: =IF(COUNTA(A13:D13)=0,"",IF(OR(A13="",B13="",C13="",D13=""),"Missing team, # or name",IF(COUNTIF(Teams!$A$5:$A$34,A13)=0,"Team not on Teams tab",IF(COUNTIFS($A$5:$A$400,A13,$B$5:$B$400,B13)>1,"Duplicate jersey # on team","OK"))))
J14: =IF(COUNTA(A14:D14)=0,"",IF(OR(A14="",B14="",C14="",D14=""),"Missing team, # or name",IF(COUNTIF(Teams!$A$5:$A$34,A14)=0,"Team not on Teams tab",IF(COUNTIFS($A$5:$A$400,A14,$B$5:$B$400,B14)>1,"Duplicate jersey # on team","OK"))))
J15: =IF(COUNTA(A15:D15)=0,"",IF(OR(A15="",B15="",C15="",D15=""),"Missing team, # or name",IF(COUNTIF(Teams!$A$5:$A$34,A15)=0,"Team not on Teams tab",IF(COUNTIFS($A$5:$A$400,A15,$B$5:$B$400,B15)>1,"Duplicate jersey # on team","OK"))))
J16: =IF(COUNTA(A16:D16)=0,"",IF(OR(A16="",B16="",C16="",D16=""),"Missing team, # or name",IF(COUNTIF(Teams!$A$5:$A$34,A16)=0,"Team not on Teams tab",IF(COUNTIFS($A$5:$A$400,A16,$B$5:$B$400,B16)>1,"Duplicate jersey # on team","OK"))))
J17: =IF(COUNTA(A17:D17)=0,"",IF(OR(A17="",B17="",C17="",D17=""),"Missing team, # or name",IF(COUNTIF(Teams!$A$5:$A$34,A17)=0,"Team not on Teams tab",IF(COUNTIFS($A$5:$A$400,A17,$B$5:$B$400,B17)>1,"Duplicate jersey # on team","OK"))))
J18: =IF(COUNTA(A18:D18)=0,"",IF(OR(A18="",B18="",C18="",D18=""),"Missing team, # or name",IF(COUNTIF(Teams!$A$5:$A$34,A18)=0,"Team not on Teams tab",IF(COUNTIFS($A$5:$A$400,A18,$B$5:$B$400,B18)>1,"Duplicate jersey # on team","OK"))))
... J400: =IF(COUNTA(A400:D400)=0,"",IF(OR(A400="",B400="",C400="",D400=""),"Missing team, # or name",IF(COUNTIF(Teams!$A$5:$A$34,A400)=0,"Team not on Teams tab",IF(COUNTIFS($A$5:$A$400,A400,$B$5:$B$400,B400)>1,"Duplicate jersey # on team","OK"))))

Sheet Coach Emails
A1: Coach Emails
A2: Yellow cells = edit. Row 5 is an example.
A4: Team Name | B4: Coach Name | C4: Email | D4: Check
A5: Expos | B5: [Coach name] | C5: coach@example.com | D5: =IF(COUNTA(A5:C5)=0,"",IF(OR(A5="",C5=""),"Missing team or email",IF(COUNTIF(Teams!$A$5:$A$34,A5)=0,"Team not on Teams tab",IF(ISERROR(FIND("@",C5)),"Email looks wrong",IF(COUNTIFS($A$5:$A$120,A5,$C$5:$C$120,C5)>1,"Listed twice","OK")))))
D6: =IF(COUNTA(A6:C6)=0,"",IF(OR(A6="",C6=""),"Missing team or email",IF(COUNTIF(Teams!$A$5:$A$34,A6)=0,"Team not on Teams tab",IF(ISERROR(FIND("@",C6)),"Email looks wrong",IF(COUNTIFS($A$5:$A$120,A6,$C$5:$C$120,C6)>1,"Listed twice","OK")))))
D7: =IF(COUNTA(A7:C7)=0,"",IF(OR(A7="",C7=""),"Missing team or email",IF(COUNTIF(Teams!$A$5:$A$34,A7)=0,"Team not on Teams tab",IF(ISERROR(FIND("@",C7)),"Email looks wrong",IF(COUNTIFS($A$5:$A$120,A7,$C$5:$C$120,C7)>1,"Listed twice","OK")))))
D8: =IF(COUNTA(A8:C8)=0,"",IF(OR(A8="",C8=""),"Missing team or email",IF(COUNTIF(Teams!$A$5:$A$34,A8)=0,"Team not on Teams tab",IF(ISERROR(FIND("@",C8)),"Email looks wrong",IF(COUNTIFS($A$5:$A$120,A8,$C$5:$C$120,C8)>1,"Listed twice","OK")))))
D9: =IF(COUNTA(A9:C9)=0,"",IF(OR(A9="",C9=""),"Missing team or email",IF(COUNTIF(Teams!$A$5:$A$34,A9)=0,"Team not on Teams tab",IF(ISERROR(FIND("@",C9)),"Email looks wrong",IF(COUNTIFS($A$5:$A$120,A9,$C$5:$C$120,C9)>1,"Listed twice","OK")))))
D10: =IF(COUNTA(A10:C10)=0,"",IF(OR(A10="",C10=""),"Missing team or email",IF(COUNTIF(Teams!$A$5:$A$34,A10)=0,"Team not on Teams tab",IF(ISERROR(FIND("@",C10)),"Email looks wrong",IF(COUNTIFS($A$5:$A$120,A10,$C$5:$C$120,C10)>1,"Listed twice","OK")))))
D11: =IF(COUNTA(A11:C11)=0,"",IF(OR(A11="",C11=""),"Missing team or email",IF(COUNTIF(Teams!$A$5:$A$34,A11)=0,"Team not on Teams tab",IF(ISERROR(FIND("@",C11)),"Email looks wrong",IF(COUNTIFS($A$5:$A$120,A11,$C$5:$C$120,C11)>1,"Listed twice","OK")))))
D12: =IF(COUNTA(A12:C12)=0,"",IF(OR(A12="",C12=""),"Missing team or email",IF(COUNTIF(Teams!$A$5:$A$34,A12)=0,"Team not on Teams tab",IF(ISERROR(FIND("@",C12)),"Email looks wrong",IF(COUNTIFS($A$5:$A$120,A12,$C$5:$C$120,C12)>1,"Listed twice","OK")))))
D13: =IF(COUNTA(A13:C13)=0,"",IF(OR(A13="",C13=""),"Missing team or email",IF(COUNTIF(Teams!$A$5:$A$34,A13)=0,"Team not on Teams tab",IF(ISERROR(FIND("@",C13)),"Email looks wrong",IF(COUNTIFS($A$5:$A$120,A13,$C$5:$C$120,C13)>1,"Listed twice","OK")))))
D14: =IF(COUNTA(A14:C14)=0,"",IF(OR(A14="",C14=""),"Missing team or email",IF(COUNTIF(Teams!$A$5:$A$34,A14)=0,"Team not on Teams tab",IF(ISERROR(FIND("@",C14)),"Email looks wrong",IF(COUNTIFS($A$5:$A$120,A14,$C$5:$C$120,C14)>1,"Listed twice","OK")))))
D15: =IF(COUNTA(A15:C15)=0,"",IF(OR(A15="",C15=""),"Missing team or email",IF(COUNTIF(Teams!$A$5:$A$34,A15)=0,"Team not on Teams tab",IF(ISERROR(FIND("@",C15)),"Email looks wrong",IF(COUNTIFS($A$5:$A$120,A15,$C$5:$C$120,C15)>1,"Listed twice","OK")))))
D16: =IF(COUNTA(A16:C16)=0,"",IF(OR(A16="",C16=""),"Missing team or email",IF(COUNTIF(Teams!$A$5:$A$34,A16)=0,"Team not on Teams tab",IF(ISERROR(FIND("@",C16)),"Email looks wrong",IF(COUNTIFS($A$5:$A$120,A16,$C$5:$C$120,C16)>1,"Listed twice","OK")))))
D17: =IF(COUNTA(A17:C17)=0,"",IF(OR(A17="",C17=""),"Missing team or email",IF(COUNTIF(Teams!$A$5:$A$34,A17)=0,"Team not on Teams tab",IF(ISERROR(FIND("@",C17)),"Email looks wrong",IF(COUNTIFS($A$5:$A$120,A17,$C$5:$C$120,C17)>1,"Listed twice","OK")))))
... D120: =IF(COUNTA(A120:C120)=0,"",IF(OR(A120="",C120=""),"Missing team or email",IF(COUNTIF(Teams!$A$5:$A$34,A120)=0,"Team not on Teams tab",IF(ISERROR(FIND("@",C120)),"Email looks wrong",IF(COUNTIFS($A$5:$A$120,A120,$C$5:$C$120,C120)>1,"Listed twice","OK")))))

Sheet Schedule
A1: Schedule
A2: Yellow cells = edit. Rows 5-6 are examples. Paste the league schedule here; playoff rows like 1st vs 10th are fine (skipped until teams are known).
A4: Date | B4: Day | C4: Start time | D4: End Time | E4: Home team | F4: Visitor team | G4: Venue | H4: Event | I4: Week | J4: Check
A5: 46518 | B5: Tuesday | C5: 0.76041667 | D5: 0.85416667 | E5: Expos | F5: Rockies | G5: Kerns Park 1 | H5: Game | I5: 1 | J5: =IF(COUNTA(A5:F5)=0,"",IF(OR(A5="",E5="",F5=""),"Missing date or team",IF(AND(COUNTIF(Teams!$A$5:$A$34,E5)=0,COUNTIF(Teams!$A$5:$A$34,F5)=0),"Playoff / TBD (skipped)",IF(OR(COUNTIF(Teams!$A$5:$A$34,E5)=0,COUNTIF(Teams!$A$5:$A$34,F5)=0),"Team not on Teams tab",IF(E5=F5,"Same team twice","OK")))))
A6: 46520 | B6: Thursday | C6: 0.76041667 | D6: 0.85416667 | E6: Rockies | F6: Expos | G6: Kerns Park 2 | H6: Game | I6: 1 | J6: =IF(COUNTA(A6:F6)=0,"",IF(OR(A6="",E6="",F6=""),"Missing date or team",IF(AND(COUNTIF(Teams!$A$5:$A$34,E6)=0,COUNTIF(Teams!$A$5:$A$34,F6)=0),"Playoff / TBD (skipped)",IF(OR(COUNTIF(Teams!$A$5:$A$34,E6)=0,COUNTIF(Teams!$A$5:$A$34,F6)=0),"Team not on Teams tab",IF(E6=F6,"Same team twice","OK")))))
J7: =IF(COUNTA(A7:F7)=0,"",IF(OR(A7="",E7="",F7=""),"Missing date or team",IF(AND(COUNTIF(Teams!$A$5:$A$34,E7)=0,COUNTIF(Teams!$A$5:$A$34,F7)=0),"Playoff / TBD (skipped)",IF(OR(COUNTIF(Teams!$A$5:$A$34,E7)=0,COUNTIF(Teams!$A$5:$A$34,F7)=0),"Team not on Teams tab",IF(E7=F7,"Same team twice","OK")))))
J8: =IF(COUNTA(A8:F8)=0,"",IF(OR(A8="",E8="",F8=""),"Missing date or team",IF(AND(COUNTIF(Teams!$A$5:$A$34,E8)=0,COUNTIF(Teams!$A$5:$A$34,F8)=0),"Playoff / TBD (skipped)",IF(OR(COUNTIF(Teams!$A$5:$A$34,E8)=0,COUNTIF(Teams!$A$5:$A$34,F8)=0),"Team not on Teams tab",IF(E8=F8,"Same team twice","OK")))))
J9: =IF(COUNTA(A9:F9)=0,"",IF(OR(A9="",E9="",F9=""),"Missing date or team",IF(AND(COUNTIF(Teams!$A$5:$A$34,E9)=0,COUNTIF(Teams!$A$5:$A$34,F9)=0),"Playoff / TBD (skipped)",IF(OR(COUNTIF(Teams!$A$5:$A$34,E9)=0,COUNTIF(Teams!$A$5:$A$34,F9)=0),"Team not on Teams tab",IF(E9=F9,"Same team twice","OK")))))
J10: =IF(COUNTA(A10:F10)=0,"",IF(OR(A10="",E10="",F10=""),"Missing date or team",IF(AND(COUNTIF(Teams!$A$5:$A$34,E10)=0,COUNTIF(Teams!$A$5:$A$34,F10)=0),"Playoff / TBD (skipped)",IF(OR(COUNTIF(Teams!$A$5:$A$34,E10)=0,COUNTIF(Teams!$A$5:$A$34,F10)=0),"Team not on Teams tab",IF(E10=F10,"Same team twice","OK")))))
J11: =IF(COUNTA(A11:F11)=0,"",IF(OR(A11="",E11="",F11=""),"Missing date or team",IF(AND(COUNTIF(Teams!$A$5:$A$34,E11)=0,COUNTIF(Teams!$A$5:$A$34,F11)=0),"Playoff / TBD (skipped)",IF(OR(COUNTIF(Teams!$A$5:$A$34,E11)=0,COUNTIF(Teams!$A$5:$A$34,F11)=0),"Team not on Teams tab",IF(E11=F11,"Same team twice","OK")))))
J12: =IF(COUNTA(A12:F12)=0,"",IF(OR(A12="",E12="",F12=""),"Missing date or team",IF(AND(COUNTIF(Teams!$A$5:$A$34,E12)=0,COUNTIF(Teams!$A$5:$A$34,F12)=0),"Playoff / TBD (skipped)",IF(OR(COUNTIF(Teams!$A$5:$A$34,E12)=0,COUNTIF(Teams!$A$5:$A$34,F12)=0),"Team not on Teams tab",IF(E12=F12,"Same team twice","OK")))))
J13: =IF(COUNTA(A13:F13)=0,"",IF(OR(A13="",E13="",F13=""),"Missing date or team",IF(AND(COUNTIF(Teams!$A$5:$A$34,E13)=0,COUNTIF(Teams!$A$5:$A$34,F13)=0),"Playoff / TBD (skipped)",IF(OR(COUNTIF(Teams!$A$5:$A$34,E13)=0,COUNTIF(Teams!$A$5:$A$34,F13)=0),"Team not on Teams tab",IF(E13=F13,"Same team twice","OK")))))
J14: =IF(COUNTA(A14:F14)=0,"",IF(OR(A14="",E14="",F14=""),"Missing date or team",IF(AND(COUNTIF(Teams!$A$5:$A$34,E14)=0,COUNTIF(Teams!$A$5:$A$34,F14)=0),"Playoff / TBD (skipped)",IF(OR(COUNTIF(Teams!$A$5:$A$34,E14)=0,COUNTIF(Teams!$A$5:$A$34,F14)=0),"Team not on Teams tab",IF(E14=F14,"Same team twice","OK")))))
J15: =IF(COUNTA(A15:F15)=0,"",IF(OR(A15="",E15="",F15=""),"Missing date or team",IF(AND(COUNTIF(Teams!$A$5:$A$34,E15)=0,COUNTIF(Teams!$A$5:$A$34,F15)=0),"Playoff / TBD (skipped)",IF(OR(COUNTIF(Teams!$A$5:$A$34,E15)=0,COUNTIF(Teams!$A$5:$A$34,F15)=0),"Team not on Teams tab",IF(E15=F15,"Same team twice","OK")))))
J16: =IF(COUNTA(A16:F16)=0,"",IF(OR(A16="",E16="",F16=""),"Missing date or team",IF(AND(COUNTIF(Teams!$A$5:$A$34,E16)=0,COUNTIF(Teams!$A$5:$A$34,F16)=0),"Playoff / TBD (skipped)",IF(OR(COUNTIF(Teams!$A$5:$A$34,E16)=0,COUNTIF(Teams!$A$5:$A$34,F16)=0),"Team not on Teams tab",IF(E16=F16,"Same team twice","OK")))))
J17: =IF(COUNTA(A17:F17)=0,"",IF(OR(A17="",E17="",F17=""),"Missing date or team",IF(AND(COUNTIF(Teams!$A$5:$A$34,E17)=0,COUNTIF(Teams!$A$5:$A$34,F17)=0),"Playoff / TBD (skipped)",IF(OR(COUNTIF(Teams!$A$5:$A$34,E17)=0,COUNTIF(Teams!$A$5:$A$34,F17)=0),"Team not on Teams tab",IF(E17=F17,"Same team twice","OK")))))
J18: =IF(COUNTA(A18:F18)=0,"",IF(OR(A18="",E18="",F18=""),"Missing date or team",IF(AND(COUNTIF(Teams!$A$5:$A$34,E18)=0,COUNTIF(Teams!$A$5:$A$34,F18)=0),"Playoff / TBD (skipped)",IF(OR(COUNTIF(Teams!$A$5:$A$34,E18)=0,COUNTIF(Teams!$A$5:$A$34,F18)=0),"Team not on Teams tab",IF(E18=F18,"Same team twice","OK")))))
... J300: =IF(COUNTA(A300:F300)=0,"",IF(OR(A300="",E300="",F300=""),"Missing date or team",IF(AND(COUNTIF(Teams!$A$5:$A$34,E300)=0,COUNTIF(Teams!$A$5:$A$34,F300)=0),"Playoff / TBD (skipped)",IF(OR(COUNTIF(Teams!$A$5:$A$34,E300)=0,COUNTIF(Teams!$A$5:$A$34,F300)=0),"Team not on Teams tab",IF(E300=F300,"Same team twice","OK")))))
